{
  "distances": {
    "10.0.0.2-000000000000000b": 1.016916348138941,
    "10.0.0.3-000000000000000b": 0.7541907624957259,
    "10.0.0.4-000000000000000b": 0.6374683669250001,
    "10.0.0.5-000000000000000b": 1.2124520975996174,
    "10.0.0.6-000000000000000b": 0.9743130210513186,
    "10.0.0.7-000000000000000c": 0.6258158032080253,
    "10.0.0.8-000000000000000c": 1.2188108730559966,
    "10.0.0.9-000000000000000c": 0.3456871401904542,
    "10.0.0.10-000000000000000c": 0.647790497910677,
    "10.0.0.11-000000000000000c": 1.2188146443882388,
    "10.0.0.12-000000000000000d": 0.791957999588639,
    "10.0.0.13-000000000000000d": 0.7899140727919297,
    "10.0.0.14-000000000000000d": 1.0704468528106674,
    "10.0.0.15-000000000000000d": 1.2256756729174403,
    "10.0.0.16-000000000000000d": 0.8014548521485306,
    "10.0.0.17-000000000000000e": 0.8296096085141507,
    "10.0.0.18-000000000000000e": 0.9730753812589461,
    "10.0.0.19-000000000000000e": 0.2904241470441185,
    "10.0.0.20-000000000000000e": 0.7717927397895885,
    "10.0.0.21-000000000000000e": 0.8198760766416507,
    "0000000000000001-0000000000000002": 360.74882490989955,
    "000000000000000b-0000000000000001": 2.216640633638182,
    "000000000000000b-0000000000000002": 361.182666576718,
    "000000000000000c-0000000000000001": 2.2592097106928906,
    "000000000000000c-0000000000000002": 360.1961654521947,
    "000000000000000d-0000000000000001": 355.95500724699326,
    "000000000000000d-0000000000000002": 6.3226637164172885,
    "000000000000000e-0000000000000001": 358.01167287048344,
    "000000000000000e-0000000000000002": 9.720260796681405,
    "10.0.0.2-10.0.0.3": 0.1,
    "10.0.0.2-10.0.0.4": 0.1,
    "10.0.0.2-10.0.0.5": 0.1,
    "10.0.0.2-10.0.0.6": 0.1,
    "10.0.0.3-10.0.0.4": 0.1,
    "10.0.0.3-10.0.0.5": 0.1,
    "10.0.0.3-10.0.0.6": 0.1,
    "10.0.0.4-10.0.0.5": 0.1,
    "10.0.0.4-10.0.0.6": 0.1,
    "10.0.0.5-10.0.0.6": 0.1,
    "10.0.0.7-10.0.0.8": 0.1,
    "10.0.0.7-10.0.0.9": 0.1,
    "10.0.0.7-10.0.0.10": 0.1,
    "10.0.0.7-10.0.0.11": 0.1,
    "10.0.0.8-10.0.0.9": 0.1,
    "10.0.0.8-10.0.0.10": 0.1,
    "10.0.0.8-10.0.0.11": 0.1,
    "10.0.0.9-10.0.0.10": 0.1,
    "10.0.0.9-10.0.0.11": 0.1,
    "10.0.0.10-10.0.0.11": 0.1,
    "10.0.0.12-10.0.0.13": 0.1,
    "10.0.0.12-10.0.0.14": 0.1,
    "10.0.0.12-10.0.0.15": 0.1,
    "10.0.0.12-10.0.0.16": 0.1,
    "10.0.0.13-10.0.0.14": 0.1,
    "10.0.0.13-10.0.0.15": 0.1,
    "10.0.0.13-10.0.0.16": 0.1,
    "10.0.0.14-10.0.0.15": 0.1,
    "10.0.0.14-10.0.0.16": 0.1,
    "10.0.0.15-10.0.0.16": 0.1,
    "10.0.0.17-10.0.0.18": 0.1,
    "10.0.0.17-10.0.0.19": 0.1,
    "10.0.0.17-10.0.0.20": 0.1,
    "10.0.0.17-10.0.0.21": 0.1,
    "10.0.0.18-10.0.0.19": 0.1,
    "10.0.0.18-10.0.0.20": 0.1,
    "10.0.0.18-10.0.0.21": 0.1,
    "10.0.0.19-10.0.0.20": 0.1,
    "10.0.0.19-10.0.0.21": 0.1,
    "10.0.0.20-10.0.0.21": 0.1
  },
  "bandwidth": {
    "10.0.0.2-000000000000000b": 10.0,
    "10.0.0.3-000000000000000b": 10.0,
    "10.0.0.4-000000000000000b": 10.0,
    "10.0.0.5-000000000000000b": 10.0,
    "10.0.0.6-000000000000000b": 10.0,
    "10.0.0.7-000000000000000c": 10.0,
    "10.0.0.8-000000000000000c": 10.0,
    "10.0.0.9-000000000000000c": 10.0,
    "10.0.0.10-000000000000000c": 10.0,
    "10.0.0.11-000000000000000c": 10.0,
    "10.0.0.12-000000000000000d": 10.0,
    "10.0.0.13-000000000000000d": 10.0,
    "10.0.0.14-000000000000000d": 10.0,
    "10.0.0.15-000000000000000d": 10.0,
    "10.0.0.16-000000000000000d": 10.0,
    "10.0.0.17-000000000000000e": 10.0,
    "10.0.0.18-000000000000000e": 10.0,
    "10.0.0.19-000000000000000e": 10.0,
    "10.0.0.20-000000000000000e": 10.0,
    "10.0.0.21-000000000000000e": 10.0,
    "0000000000000001-0000000000000002": 30.0,
    "000000000000000b-0000000000000001": 30.0,
    "000000000000000b-0000000000000002": 100.0,
    "000000000000000c-0000000000000001": 100.0,
    "000000000000000c-0000000000000002": 100.0,
    "000000000000000d-0000000000000001": 100.0,
    "000000000000000d-0000000000000002": 30.0,
    "000000000000000e-0000000000000001": 100.0,
    "000000000000000e-0000000000000002": 100.0
  }
}