{
  "distances": {
    "10.0.0.2-000000000000000b": 0.9743130210513186,
    "10.0.0.3-000000000000000b": 0.6258158566769948,
    "10.0.0.4-000000000000000c": 1.2188108730559966,
    "10.0.0.5-000000000000000c": 0.3456871401904542,
    "0000000000000001-0000000000000002": 360.74882490989955,
    "0000000000000001-0000000000000003": 874.5968451219719,
    "0000000000000001-0000000000000004": 490.8480458614193,
    "0000000000000001-0000000000000005": 2131.060659875229,
    "0000000000000001-0000000000000006": 2369.527348250981,
    "0000000000000001-0000000000000007": 203.7420219784746,
    "0000000000000001-0000000000000008": 241.32364752630608,
    "0000000000000001-0000000000000009": 971.1738611262753,
    "0000000000000001-000000000000000a": 588.6037090000469,
    "0000000000000002-0000000000000003": 936.2414995079012,
    "0000000000000002-0000000000000004": 341.70078028569475,
    "0000000000000002-0000000000000005": 1874.7713916701107,
    "0000000000000002-0000000000000006": 2189.987084137689,
    "0000000000000002-0000000000000007": 548.918464706222,
    "0000000000000002-0000000000000008": 150.95017776645057,
    "0000000000000002-0000000000000009": 993.4146745840342,
    "0000000000000002-000000000000000a": 565.7014687697691,
    "0000000000000003-0000000000000004": 624.6860371766993,
    "0000000000000003-0000000000000005": 1658.929504363921,
    "0000000000000003-0000000000000006": 1688.834812874775,
    "0000000000000003-0000000000000007": 804.5091616144263,
    "0000000000000003-0000000000000008": 970.5734511998007,
    "0000000000000003-0000000000000009": 129.64738612893905,
    "0000000000000003-000000000000000a": 378.83864592153503,
    "0000000000000004-0000000000000005": 1640.970581005887,
    "0000000000000004-0000000000000006": 1892.771562166481,
    "0000000000000004-0000000000000007": 586.0067142028256,
    "0000000000000004-0000000000000008": 434.0130373760235,
    "0000000000000004-0000000000000009": 664.0979685410475,
    "0000000000000004-000000000000000a": 246.07300538933924,
    "0000000000000005-0000000000000006": 627.0332932008241,
    "0000000000000005-0000000000000007": 2210.5929513310443,
    "0000000000000005-0000000000000008": 2018.2752167886715,
    "0000000000000005-0000000000000009": 1541.78748086919,
    "0000000000000005-000000000000000a": 1628.3865675372465,
    "0000000000000006-0000000000000007": 2397.0301341920476,
    "0000000000000006-0000000000000008": 2316.067880636507,
    "0000000000000006-0000000000000009": 1559.3323367753692,
    "0000000000000006-000000000000000a": 1797.6248499211213,
    "0000000000000007-0000000000000008": 443.352132615377,
    "0000000000000007-0000000000000009": 917.5883647880021,
    "0000000000000007-000000000000000a": 600.5376470049258,
    "0000000000000008-0000000000000009": 1044.244916518525,
    "0000000000000008-000000000000000a": 621.9205793853769,
    "0000000000000009-000000000000000a": 427.8160450110467,
    "000000000000000b-0000000000000001": 2.216640633638182,
    "000000000000000b-0000000000000002": 361.182666576718,
    "000000000000000b-0000000000000003": 872.434751335253,
    "000000000000000b-0000000000000004": 489.64375452887884,
    "000000000000000b-0000000000000005": 2129.946119996317,
    "000000000000000b-0000000000000006": 2367.950976568212,
    "000000000000000b-0000000000000007": 202.34786117799558,
    "000000000000000b-0000000000000008": 242.41017564280833,
    "000000000000000b-0000000000000009": 969.0673828536027,
    "000000000000000b-000000000000000a": 586.7396653861979,
    "000000000000000c-0000000000000001": 2.2592097106928906,
    "000000000000000c-0000000000000002": 360.1961654521947,
    "000000000000000c-0000000000000003": 876.7694032456048,
    "000000000000000c-0000000000000004": 491.9746320655358,
    "000000000000000c-0000000000000005": 2132.0869356786993,
    "000000000000000c-0000000000000006": 2371.043357559308,
    "000000000000000c-0000000000000007": 205.2731895670343,
    "000000000000000c-0000000000000008": 240.12262398766302,
    "000000000000000c-0000000000000009": 973.2785432010497,
    "000000000000000c-000000000000000a": 590.4347332018463,
    "10.0.0.2-10.0.0.3": 0.1,
    "10.0.0.4-10.0.0.5": 0.1
  },
  "bandwidth": {
    "10.0.0.2-000000000000000b": 10.0,
    "10.0.0.3-000000000000000b": 10.0,
    "10.0.0.4-000000000000000c": 10.0,
    "10.0.0.5-000000000000000c": 10.0,
    "0000000000000001-0000000000000002": 30.0,
    "0000000000000001-0000000000000003": 30.0,
    "0000000000000001-0000000000000004": 30.0,
    "0000000000000001-0000000000000005": 30.0,
    "0000000000000001-0000000000000006": 30.0,
    "0000000000000001-0000000000000007": 30.0,
    "0000000000000001-0000000000000008": 30.0,
    "0000000000000001-0000000000000009": 30.0,
    "0000000000000001-000000000000000a": 30.0,
    "0000000000000002-0000000000000003": 30.0,
    "0000000000000002-0000000000000004": 30.0,
    "0000000000000002-0000000000000005": 30.0,
    "0000000000000002-0000000000000006": 30.0,
    "0000000000000002-0000000000000007": 30.0,
    "0000000000000002-0000000000000008": 30.0,
    "0000000000000002-0000000000000009": 30.0,
    "0000000000000002-000000000000000a": 30.0,
    "0000000000000003-0000000000000004": 30.0,
    "0000000000000003-0000000000000005": 30.0,
    "0000000000000003-0000000000000006": 30.0,
    "0000000000000003-0000000000000007": 30.0,
    "0000000000000003-0000000000000008": 30.0,
    "0000000000000003-0000000000000009": 30.0,
    "0000000000000003-000000000000000a": 30.0,
    "0000000000000004-0000000000000005": 30.0,
    "0000000000000004-0000000000000006": 30.0,
    "0000000000000004-0000000000000007": 30.0,
    "0000000000000004-0000000000000008": 30.0,
    "0000000000000004-0000000000000009": 30.0,
    "0000000000000004-000000000000000a": 30.0,
    "0000000000000005-0000000000000006": 30.0,
    "0000000000000005-0000000000000007": 30.0,
    "0000000000000005-0000000000000008": 30.0,
    "0000000000000005-0000000000000009": 30.0,
    "0000000000000005-000000000000000a": 30.0,
    "0000000000000006-0000000000000007": 30.0,
    "0000000000000006-0000000000000008": 30.0,
    "0000000000000006-0000000000000009": 30.0,
    "0000000000000006-000000000000000a": 30.0,
    "0000000000000007-0000000000000008": 30.0,
    "0000000000000007-0000000000000009": 30.0,
    "0000000000000007-000000000000000a": 30.0,
    "0000000000000008-0000000000000009": 30.0,
    "0000000000000008-000000000000000a": 30.0,
    "0000000000000009-000000000000000a": 30.0,
    "000000000000000b-0000000000000001": 30.0,
    "000000000000000b-0000000000000002": 100.0,
    "000000000000000b-0000000000000003": 100.0,
    "000000000000000b-0000000000000004": 100.0,
    "000000000000000b-0000000000000005": 100.0,
    "000000000000000b-0000000000000006": 100.0,
    "000000000000000b-0000000000000007": 100.0,
    "000000000000000b-0000000000000008": 100.0,
    "000000000000000b-0000000000000009": 100.0,
    "000000000000000b-000000000000000a": 100.0,
    "000000000000000c-0000000000000001": 100.0,
    "000000000000000c-0000000000000002": 100.0,
    "000000000000000c-0000000000000003": 100.0,
    "000000000000000c-0000000000000004": 100.0,
    "000000000000000c-0000000000000005": 100.0,
    "000000000000000c-0000000000000006": 100.0,
    "000000000000000c-0000000000000007": 100.0,
    "000000000000000c-0000000000000008": 100.0,
    "000000000000000c-0000000000000009": 100.0,
    "000000000000000c-000000000000000a": 100.0
  }
}