{
  "distances": {
    "10.0.0.2-000000000000000b": 0.9743130210513186,
    "10.0.0.3-000000000000000b": 0.6258158566769948,
    "10.0.0.4-000000000000000b": 1.2188977009560125,
    "10.0.0.5-000000000000000b": 0.34569395618413046,
    "10.0.0.6-000000000000000c": 0.647790497910677,
    "10.0.0.7-000000000000000c": 1.2188146443882388,
    "10.0.0.8-000000000000000c": 0.7909996493743227,
    "10.0.0.9-000000000000000c": 0.7870051009954472,
    "10.0.0.10-000000000000000d": 1.0704468528106674,
    "10.0.0.11-000000000000000d": 1.2256756729174403,
    "10.0.0.12-000000000000000d": 0.8014548521485306,
    "10.0.0.13-000000000000000d": 0.8293707082999175,
    "10.0.0.14-000000000000000e": 0.9730753812589461,
    "10.0.0.15-000000000000000e": 0.2904241470441185,
    "10.0.0.16-000000000000000e": 0.7717927397895885,
    "10.0.0.17-000000000000000e": 0.8198760766416507,
    "0000000000000001-0000000000000002": 360.74882490989955,
    "0000000000000001-0000000000000003": 874.5968451219719,
    "0000000000000001-0000000000000004": 490.8480458614193,
    "0000000000000001-0000000000000005": 2131.060659875229,
    "0000000000000001-0000000000000006": 2369.527348250981,
    "0000000000000001-0000000000000007": 203.7420219784746,
    "0000000000000001-0000000000000008": 241.32364752630608,
    "0000000000000001-0000000000000009": 971.1738611262753,
    "0000000000000001-000000000000000a": 588.6037090000469,
    "0000000000000002-0000000000000003": 936.2414995079012,
    "0000000000000002-0000000000000004": 341.70078028569475,
    "0000000000000002-0000000000000005": 1874.7713916701107,
    "0000000000000002-0000000000000006": 2189.987084137689,
    "0000000000000002-0000000000000007": 548.918464706222,
    "0000000000000002-0000000000000008": 150.95017776645057,
    "0000000000000002-0000000000000009": 993.4146745840342,
    "0000000000000002-000000000000000a": 565.7014687697691,
    "0000000000000003-0000000000000004": 624.6860371766993,
    "0000000000000003-0000000000000005": 1658.929504363921,
    "0000000000000003-0000000000000006": 1688.834812874775,
    "0000000000000003-0000000000000007": 804.5091616144263,
    "0000000000000003-0000000000000008": 970.5734511998007,
    "0000000000000003-0000000000000009": 129.64738612893905,
    "0000000000000003-000000000000000a": 378.83864592153503,
    "0000000000000004-0000000000000005": 1640.970581005887,
    "0000000000000004-0000000000000006": 1892.771562166481,
    "0000000000000004-0000000000000007": 586.0067142028256,
    "0000000000000004-0000000000000008": 434.0130373760235,
    "0000000000000004-0000000000000009": 664.0979685410475,
    "0000000000000004-000000000000000a": 246.07300538933924,
    "0000000000000005-0000000000000006": 627.0332932008241,
    "0000000000000005-0000000000000007": 2210.5929513310443,
    "0000000000000005-0000000000000008": 2018.2752167886715,
    "0000000000000005-0000000000000009": 1541.78748086919,
    "0000000000000005-000000000000000a": 1628.3865675372465,
    "0000000000000006-0000000000000007": 2397.0301341920476,
    "0000000000000006-0000000000000008": 2316.067880636507,
    "0000000000000006-0000000000000009": 1559.3323367753692,
    "0000000000000006-000000000000000a": 1797.6248499211213,
    "0000000000000007-0000000000000008": 443.352132615377,
    "0000000000000007-0000000000000009": 917.5883647880021,
    "0000000000000007-000000000000000a": 600.5376470049258,
    "0000000000000008-0000000000000009": 1044.244916518525,
    "0000000000000008-000000000000000a": 621.9205793853769,
    "0000000000000009-000000000000000a": 427.8160450110467,
    "000000000000000b-0000000000000001": 2.216640633638182,
    "000000000000000b-0000000000000002": 361.182666576718,
    "000000000000000b-0000000000000003": 872.434751335253,
    "000000000000000b-0000000000000004": 489.64375452887884,
    "000000000000000b-0000000000000005": 2129.946119996317,
    "000000000000000b-0000000000000006": 2367.950976568212,
    "000000000000000b-0000000000000007": 202.34786117799558,
    "000000000000000b-0000000000000008": 242.41017564280833,
    "000000000000000b-0000000000000009": 969.0673828536027,
    "000000000000000b-000000000000000a": 586.7396653861979,
    "000000000000000c-0000000000000001": 2.2592097106928906,
    "000000000000000c-0000000000000002": 360.1961654521947,
    "000000000000000c-0000000000000003": 876.7694032456048,
    "000000000000000c-0000000000000004": 491.9746320655358,
    "000000000000000c-0000000000000005": 2132.0869356786993,
    "000000000000000c-0000000000000006": 2371.043357559308,
    "000000000000000c-0000000000000007": 205.2731895670343,
    "000000000000000c-0000000000000008": 240.12262398766302,
    "000000000000000c-0000000000000009": 973.2785432010497,
    "000000000000000c-000000000000000a": 590.4347332018463,
    "000000000000000d-0000000000000001": 355.95500724699326,
    "000000000000000d-0000000000000002": 6.3226637164172885,
    "000000000000000d-0000000000000003": 938.3675953389735,
    "000000000000000d-0000000000000004": 345.7153691481125,
    "000000000000000d-0000000000000005": 1881.0327081214107,
    "000000000000000d-0000000000000006": 2195.780866001911,
    "000000000000000d-0000000000000007": 544.9139279992864,
    "000000000000000d-0000000000000008": 144.74330566343716,
    "000000000000000d-0000000000000009": 996.243140598353,
    "000000000000000d-000000000000000a": 568.4712123295441,
    "000000000000000e-0000000000000001": 358.01167287048344,
    "000000000000000e-0000000000000002": 9.720260796681405,
    "000000000000000e-0000000000000003": 926.5428441514772,
    "000000000000000e-0000000000000004": 332.3553892516794,
    "000000000000000e-0000000000000005": 1869.7436747680224,
    "000000000000000e-0000000000000006": 2182.89903866155,
    "000000000000000e-0000000000000007": 544.5474204887554,
    "000000000000000e-0000000000000008": 153.35092064700203,
    "000000000000000e-0000000000000009": 983.7091735772672,
    "000000000000000e-000000000000000a": 555.9900568466737,
    "10.0.0.2-10.0.0.3": 0.1,
    "10.0.0.2-10.0.0.4": 0.1,
    "10.0.0.2-10.0.0.5": 0.1,
    "10.0.0.3-10.0.0.4": 0.1,
    "10.0.0.3-10.0.0.5": 0.1,
    "10.0.0.4-10.0.0.5": 0.1,
    "10.0.0.6-10.0.0.7": 0.1,
    "10.0.0.6-10.0.0.8": 0.1,
    "10.0.0.6-10.0.0.9": 0.1,
    "10.0.0.7-10.0.0.8": 0.1,
    "10.0.0.7-10.0.0.9": 0.1,
    "10.0.0.8-10.0.0.9": 0.1,
    "10.0.0.10-10.0.0.11": 0.1,
    "10.0.0.10-10.0.0.12": 0.1,
    "10.0.0.10-10.0.0.13": 0.1,
    "10.0.0.11-10.0.0.12": 0.1,
    "10.0.0.11-10.0.0.13": 0.1,
    "10.0.0.12-10.0.0.13": 0.1,
    "10.0.0.14-10.0.0.15": 0.1,
    "10.0.0.14-10.0.0.16": 0.1,
    "10.0.0.14-10.0.0.17": 0.1,
    "10.0.0.15-10.0.0.16": 0.1,
    "10.0.0.15-10.0.0.17": 0.1,
    "10.0.0.16-10.0.0.17": 0.1
  },
  "bandwidth": {
    "10.0.0.2-000000000000000b": 10.0,
    "10.0.0.3-000000000000000b": 10.0,
    "10.0.0.4-000000000000000b": 10.0,
    "10.0.0.5-000000000000000b": 10.0,
    "10.0.0.6-000000000000000c": 10.0,
    "10.0.0.7-000000000000000c": 10.0,
    "10.0.0.8-000000000000000c": 10.0,
    "10.0.0.9-000000000000000c": 10.0,
    "10.0.0.10-000000000000000d": 10.0,
    "10.0.0.11-000000000000000d": 10.0,
    "10.0.0.12-000000000000000d": 10.0,
    "10.0.0.13-000000000000000d": 10.0,
    "10.0.0.14-000000000000000e": 10.0,
    "10.0.0.15-000000000000000e": 10.0,
    "10.0.0.16-000000000000000e": 10.0,
    "10.0.0.17-000000000000000e": 10.0,
    "0000000000000001-0000000000000002": 30.0,
    "0000000000000001-0000000000000003": 30.0,
    "0000000000000001-0000000000000004": 30.0,
    "0000000000000001-0000000000000005": 30.0,
    "0000000000000001-0000000000000006": 30.0,
    "0000000000000001-0000000000000007": 30.0,
    "0000000000000001-0000000000000008": 30.0,
    "0000000000000001-0000000000000009": 30.0,
    "0000000000000001-000000000000000a": 30.0,
    "0000000000000002-0000000000000003": 30.0,
    "0000000000000002-0000000000000004": 30.0,
    "0000000000000002-0000000000000005": 30.0,